{"openapi":"3.1.0","info":{"title":"Frizerie API","description":"API for Frizerie - A Barbershop Booking System","version":"1.0.0"},"paths":{"/auth/login":{"post":{"tags":["Authentication"],"summary":"Login","operationId":"login_auth_login_post","requestBody":{"content":{"application/json":{"schema":{"$ref":"#/components/schemas/LoginRequest"}}},"required":true},"responses":{"200":{"description":"Successful Response","content":{"application/json":{"schema":{"$ref":"#/components/schemas/Token"}}}},"422":{"description":"Validation Error","content":{"application/json":{"schema":{"$ref":"#/components/schemas/HTTPValidationError"}}}}}}},"/auth/logout":{"post":{"tags":["Authentication"],"summary":"Logout","operationId":"logout_auth_logout_post","responses":{"200":{"description":"Successful Response","content":{"application/json":{"schema":{}}}}}}},"/auth/refresh":{"post":{"tags":["Authentication"],"summary":"Refresh Token","operationId":"refresh_token_auth_refresh_post","parameters":[{"name":"refresh_token","in":"query","required":true,"schema":{"type":"string","title":"Refresh Token"}}],"responses":{"200":{"description":"Successful Response","content":{"application/json":{"schema":{}}}},"422":{"description":"Validation Error","content":{"application/json":{"schema":{"$ref":"#/components/schemas/HTTPValidationError"}}}}}}},"/users/":{"post":{"tags":["Users"],"summary":"Create User","description":"Create a new user.","operationId":"create_user_users__post","requestBody":{"content":{"application/json":{"schema":{"$ref":"#/components/schemas/UserCreate"}}},"required":true},"responses":{"200":{"description":"Successful Response","content":{"application/json":{"schema":{"$ref":"#/components/schemas/UserResponse"}}}},"422":{"description":"Validation Error","content":{"application/json":{"schema":{"$ref":"#/components/schemas/HTTPValidationError"}}}}}}},"/users/me":{"get":{"tags":["Users"],"summary":"Get Current User Info","description":"Get current user information.","operationId":"get_current_user_info_users_me_get","responses":{"200":{"description":"Successful Response","content":{"application/json":{"schema":{"$ref":"#/components/schemas/UserResponse"}}}}},"security":[{"OAuth2PasswordBearer":[]}]},"put":{"tags":["Users"],"summary":"Update Current User","description":"Update current user information.","operationId":"update_current_user_users_me_put","requestBody":{"content":{"application/json":{"schema":{"$ref":"#/components/schemas/UserUpdate"}}},"required":true},"responses":{"200":{"description":"Successful Response","content":{"application/json":{"schema":{"$ref":"#/components/schemas/UserResponse"}}}},"422":{"description":"Validation Error","content":{"application/json":{"schema":{"$ref":"#/components/schemas/HTTPValidationError"}}}}},"security":[{"OAuth2PasswordBearer":[]}]}},"/users/vip-tiers":{"get":{"tags":["Users"],"summary":"Get Vip Tiers","description":"Get all VIP tiers.","operationId":"get_vip_tiers_users_vip_tiers_get","responses":{"200":{"description":"Successful Response","content":{"application/json":{"schema":{"items":{"type":"object"},"type":"array","title":"Response Get Vip Tiers Users Vip Tiers Get"}}}}}},"post":{"tags":["Users"],"summary":"Create Vip Tier","description":"Create a new VIP tier (admin only).","operationId":"create_vip_tier_users_vip_tiers_post","requestBody":{"content":{"application/json":{"schema":{"type":"object","title":"Tier Data"}}},"required":true},"responses":{"200":{"description":"Successful Response","content":{"application/json":{"schema":{"type":"object","title":"Response Create Vip Tier Users Vip Tiers Post"}}}},"422":{"description":"Validation Error","content":{"application/json":{"schema":{"$ref":"#/components/schemas/HTTPValidationError"}}}}},"security":[{"OAuth2PasswordBearer":[]}]}},"/users/vip-tiers/{tier_name}":{"get":{"tags":["Users"],"summary":"Get Vip Tier","description":"Get information about a specific VIP tier.","operationId":"get_vip_tier_users_vip_tiers__tier_name__get","parameters":[{"name":"tier_name","in":"path","required":true,"schema":{"type":"string","title":"Tier Name"}}],"responses":{"200":{"description":"Successful Response","content":{"application/json":{"schema":{"type":"object","title":"Response Get Vip Tier Users Vip Tiers  Tier Name  Get"}}}},"422":{"description":"Validation Error","content":{"application/json":{"schema":{"$ref":"#/components/schemas/HTTPValidationError"}}}}}},"put":{"tags":["Users"],"summary":"Update Vip Tier","description":"Update a VIP tier (admin only).","operationId":"update_vip_tier_users_vip_tiers__tier_name__put","security":[{"OAuth2PasswordBearer":[]}],"parameters":[{"name":"tier_name","in":"path","required":true,"schema":{"type":"string","title":"Tier Name"}}],"requestBody":{"required":true,"content":{"application/json":{"schema":{"type":"object","title":"Tier Data"}}}},"responses":{"200":{"description":"Successful Response","content":{"application/json":{"schema":{"type":"object","title":"Response Update Vip Tier Users Vip Tiers  Tier Name  Put"}}}},"422":{"description":"Validation Error","content":{"application/json":{"schema":{"$ref":"#/components/schemas/HTTPValidationError"}}}}}}},"/users/me/loyalty-points":{"post":{"tags":["Users"],"summary":"Add Loyalty Points","description":"Add loyalty points to current user.","operationId":"add_loyalty_points_users_me_loyalty_points_post","security":[{"OAuth2PasswordBearer":[]}],"parameters":[{"name":"points","in":"query","required":true,"schema":{"type":"integer","title":"Points"}}],"responses":{"200":{"description":"Successful Response","content":{"application/json":{"schema":{"$ref":"#/components/schemas/UserResponse"}}}},"422":{"description":"Validation Error","content":{"application/json":{"schema":{"$ref":"#/components/schemas/HTTPValidationError"}}}}}}},"/users/loyalty-status":{"get":{"tags":["Users"],"summary":"Get Loyalty Status","description":"Get current user's loyalty status and VIP perks.","operationId":"get_loyalty_status_users_loyalty_status_get","responses":{"200":{"description":"Successful Response","content":{"application/json":{"schema":{"type":"object","title":"Response Get Loyalty Status Users Loyalty Status Get"}}}}},"security":[{"OAuth2PasswordBearer":[]}]}},"/bookings/stylists":{"get":{"tags":["Bookings"],"summary":"Get Stylists","description":"Get all available stylists.","operationId":"get_stylists_bookings_stylists_get","responses":{"200":{"description":"Successful Response","content":{"application/json":{"schema":{"items":{"type":"object"},"type":"array","title":"Response Get Stylists Bookings Stylists Get"}}}}}}},"/bookings/available-slots/{stylist_id}/{date}":{"get":{"tags":["Bookings"],"summary":"Get Available Slots","description":"Get available slots for a stylist on a specific date.","operationId":"get_available_slots_bookings_available_slots__stylist_id___date__get","security":[{"OAuth2PasswordBearer":[]}],"parameters":[{"name":"stylist_id","in":"path","required":true,"schema":{"type":"integer","title":"Stylist Id"}},{"name":"date","in":"path","required":true,"schema":{"type":"string","title":"Date"}},{"name":"service_id","in":"query","required":true,"schema":{"type":"integer","title":"Service Id"}}],"responses":{"200":{"description":"Successful Response","content":{"application/json":{"schema":{"type":"array","items":{"type":"object"},"title":"Response Get Available Slots Bookings Available Slots  Stylist Id   Date  Get"}}}},"422":{"description":"Validation Error","content":{"application/json":{"schema":{"$ref":"#/components/schemas/HTTPValidationError"}}}}}}},"/bookings/":{"post":{"tags":["Bookings"],"summary":"Create Booking","description":"Create a new booking.","operationId":"create_booking_bookings__post","requestBody":{"content":{"application/json":{"schema":{"$ref":"#/components/schemas/BookingCreate"}}},"required":true},"responses":{"200":{"description":"Successful Response","content":{"application/json":{"schema":{"$ref":"#/components/schemas/BookingResponse"}}}},"422":{"description":"Validation Error","content":{"application/json":{"schema":{"$ref":"#/components/schemas/HTTPValidationError"}}}}},"security":[{"OAuth2PasswordBearer":[]}]}},"/bookings/my-bookings":{"get":{"tags":["Bookings"],"summary":"Get User Bookings","description":"Get all bookings for the current user.","operationId":"get_user_bookings_bookings_my_bookings_get","responses":{"200":{"description":"Successful Response","content":{"application/json":{"schema":{"items":{"$ref":"#/components/schemas/BookingResponse"},"type":"array","title":"Response Get User Bookings Bookings My Bookings Get"}}}}},"security":[{"OAuth2PasswordBearer":[]}]}},"/bookings/{booking_id}":{"delete":{"tags":["Bookings"],"summary":"Cancel Booking","description":"Cancel a booking.","operationId":"cancel_booking_bookings__booking_id__delete","security":[{"OAuth2PasswordBearer":[]}],"parameters":[{"name":"booking_id","in":"path","required":true,"schema":{"type":"integer","title":"Booking Id"}}],"responses":{"200":{"description":"Successful Response","content":{"application/json":{"schema":{"$ref":"#/components/schemas/BookingResponse"}}}},"422":{"description":"Validation Error","content":{"application/json":{"schema":{"$ref":"#/components/schemas/HTTPValidationError"}}}}}}},"/bookings/my-bookings/history":{"get":{"tags":["Bookings"],"summary":"Get User Booking History","description":"Get booking history for the current user.","operationId":"get_user_booking_history_bookings_my_bookings_history_get","security":[{"OAuth2PasswordBearer":[]}],"parameters":[{"name":"skip","in":"query","required":false,"schema":{"type":"integer","default":0,"title":"Skip"}},{"name":"limit","in":"query","required":false,"schema":{"type":"integer","default":10,"title":"Limit"}}],"responses":{"200":{"description":"Successful Response","content":{"application/json":{"schema":{"type":"array","items":{"$ref":"#/components/schemas/BookingResponse"},"title":"Response Get User Booking History Bookings My Bookings History Get"}}}},"422":{"description":"Validation Error","content":{"application/json":{"schema":{"$ref":"#/components/schemas/HTTPValidationError"}}}}}}},"/bookings/my-bookings/upcoming":{"get":{"tags":["Bookings"],"summary":"Get User Upcoming Bookings","description":"Get upcoming bookings for the current user.","operationId":"get_user_upcoming_bookings_bookings_my_bookings_upcoming_get","security":[{"OAuth2PasswordBearer":[]}],"parameters":[{"name":"skip","in":"query","required":false,"schema":{"type":"integer","default":0,"title":"Skip"}},{"name":"limit","in":"query","required":false,"schema":{"type":"integer","default":10,"title":"Limit"}}],"responses":{"200":{"description":"Successful Response","content":{"application/json":{"schema":{"type":"array","items":{"$ref":"#/components/schemas/BookingResponse"},"title":"Response Get User Upcoming Bookings Bookings My Bookings Upcoming Get"}}}},"422":{"description":"Validation Error","content":{"application/json":{"schema":{"$ref":"#/components/schemas/HTTPValidationError"}}}}}}},"/bookings/setup-test-data":{"post":{"tags":["Bookings"],"summary":"Setup Test Data","description":"Set up test data for the application.","operationId":"setup_test_data_bookings_setup_test_data_post","responses":{"201":{"description":"Successful Response","content":{"application/json":{"schema":{}}}}}}},"/notifications/":{"get":{"tags":["Notifications"],"summary":"Get Notifications","description":"Get notifications for the current user.","operationId":"get_notifications_notifications__get","security":[{"OAuth2PasswordBearer":[]}],"parameters":[{"name":"skip","in":"query","required":false,"schema":{"type":"integer","default":0,"title":"Skip"}},{"name":"limit","in":"query","required":false,"schema":{"type":"integer","default":10,"title":"Limit"}},{"name":"unread_only","in":"query","required":false,"schema":{"type":"boolean","default":false,"title":"Unread Only"}}],"responses":{"200":{"description":"Successful Response","content":{"application/json":{"schema":{"type":"array","items":{"type":"object"},"title":"Response Get Notifications Notifications  Get"}}}},"422":{"description":"Validation Error","content":{"application/json":{"schema":{"$ref":"#/components/schemas/HTTPValidationError"}}}}}},"post":{"tags":["Notifications"],"summary":"Create Notification","description":"Create a new notification for the current user.","operationId":"create_notification_notifications__post","security":[{"OAuth2PasswordBearer":[]}],"requestBody":{"required":true,"content":{"application/json":{"schema":{"$ref":"#/components/schemas/NotificationCreate"}}}},"responses":{"200":{"description":"Successful Response","content":{"application/json":{"schema":{"$ref":"#/components/schemas/NotificationResponse"}}}},"422":{"description":"Validation Error","content":{"application/json":{"schema":{"$ref":"#/components/schemas/HTTPValidationError"}}}}}}},"/notifications/{notification_id}/read":{"post":{"tags":["Notifications"],"summary":"Mark Notification As Read","description":"Mark a notification as read.","operationId":"mark_notification_as_read_notifications__notification_id__read_post","security":[{"OAuth2PasswordBearer":[]}],"parameters":[{"name":"notification_id","in":"path","required":true,"schema":{"type":"integer","title":"Notification Id"}}],"responses":{"200":{"description":"Successful Response","content":{"application/json":{"schema":{"type":"object","title":"Response Mark Notification As Read Notifications  Notification Id  Read Post"}}}},"422":{"description":"Validation Error","content":{"application/json":{"schema":{"$ref":"#/components/schemas/HTTPValidationError"}}}}}}},"/notifications/read-all":{"post":{"tags":["Notifications"],"summary":"Mark All Notifications As Read","description":"Mark all notifications as read.","operationId":"mark_all_notifications_as_read_notifications_read_all_post","responses":{"200":{"description":"Successful Response","content":{"application/json":{"schema":{"additionalProperties":{"type":"integer"},"type":"object","title":"Response Mark All Notifications As Read Notifications Read All Post"}}}}},"security":[{"OAuth2PasswordBearer":[]}]}},"/notifications/{notification_id}":{"delete":{"tags":["Notifications"],"summary":"Delete Notification","description":"Delete a notification.","operationId":"delete_notification_notifications__notification_id__delete","security":[{"OAuth2PasswordBearer":[]}],"parameters":[{"name":"notification_id","in":"path","required":true,"schema":{"type":"integer","title":"Notification Id"}}],"responses":{"200":{"description":"Successful Response","content":{"application/json":{"schema":{"type":"object","additionalProperties":{"type":"boolean"},"title":"Response Delete Notification Notifications  Notification Id  Delete"}}}},"422":{"description":"Validation Error","content":{"application/json":{"schema":{"$ref":"#/components/schemas/HTTPValidationError"}}}}}}},"/notifications/settings":{"get":{"tags":["Notifications"],"summary":"Get Notification Settings","description":"Get notification settings for the current user.","operationId":"get_notification_settings_notifications_settings_get","responses":{"200":{"description":"Successful Response","content":{"application/json":{"schema":{"type":"object","title":"Response Get Notification Settings Notifications Settings Get"}}}}},"security":[{"OAuth2PasswordBearer":[]}]},"put":{"tags":["Notifications"],"summary":"Update Notification Settings","description":"Update notification settings for the current user.","operationId":"update_notification_settings_notifications_settings_put","requestBody":{"content":{"application/json":{"schema":{"additionalProperties":{"type":"boolean"},"type":"object","title":"Settings"}}},"required":true},"responses":{"200":{"description":"Successful Response","content":{"application/json":{"schema":{"type":"object","title":"Response Update Notification Settings Notifications Settings Put"}}}},"422":{"description":"Validation Error","content":{"application/json":{"schema":{"$ref":"#/components/schemas/HTTPValidationError"}}}}},"security":[{"OAuth2PasswordBearer":[]}]}},"/services":{"post":{"tags":["services"],"summary":"Create Service","description":"Create a new service.\nOnly accessible by admin users.","operationId":"create_service_services_post","security":[{"OAuth2PasswordBearer":[]}],"requestBody":{"required":true,"content":{"application/json":{"schema":{"$ref":"#/components/schemas/services__schemas__ServiceCreate"}}}},"responses":{"200":{"description":"Successful Response","content":{"application/json":{"schema":{"$ref":"#/components/schemas/ServiceResponse"}}}},"422":{"description":"Validation Error","content":{"application/json":{"schema":{"$ref":"#/components/schemas/HTTPValidationError"}}}}}},"get":{"tags":["services"],"summary":"Get Services","description":"Get all services.","operationId":"get_services_services_get","parameters":[{"name":"skip","in":"query","required":false,"schema":{"type":"integer","default":0,"title":"Skip"}},{"name":"limit","in":"query","required":false,"schema":{"type":"integer","default":100,"title":"Limit"}}],"responses":{"200":{"description":"Successful Response","content":{"application/json":{"schema":{"type":"array","items":{"$ref":"#/components/schemas/ServiceResponse"},"title":"Response Get Services Services Get"}}}},"422":{"description":"Validation Error","content":{"application/json":{"schema":{"$ref":"#/components/schemas/HTTPValidationError"}}}}}}},"/services/{service_id}":{"get":{"tags":["services"],"summary":"Get Service","description":"Get a specific service by ID.","operationId":"get_service_services__service_id__get","parameters":[{"name":"service_id","in":"path","required":true,"schema":{"type":"integer","title":"Service Id"}}],"responses":{"200":{"description":"Successful Response","content":{"application/json":{"schema":{"$ref":"#/components/schemas/ServiceResponse"}}}},"422":{"description":"Validation Error","content":{"application/json":{"schema":{"$ref":"#/components/schemas/HTTPValidationError"}}}}}},"put":{"tags":["services"],"summary":"Update Service","description":"Update a service.\nOnly accessible by admin users.","operationId":"update_service_services__service_id__put","security":[{"OAuth2PasswordBearer":[]}],"parameters":[{"name":"service_id","in":"path","required":true,"schema":{"type":"integer","title":"Service Id"}}],"requestBody":{"required":true,"content":{"application/json":{"schema":{"$ref":"#/components/schemas/ServiceUpdate"}}}},"responses":{"200":{"description":"Successful Response","content":{"application/json":{"schema":{"$ref":"#/components/schemas/ServiceResponse"}}}},"422":{"description":"Validation Error","content":{"application/json":{"schema":{"$ref":"#/components/schemas/HTTPValidationError"}}}}}},"delete":{"tags":["services"],"summary":"Delete Service","description":"Delete a service.\nOnly accessible by admin users.","operationId":"delete_service_services__service_id__delete","security":[{"OAuth2PasswordBearer":[]}],"parameters":[{"name":"service_id","in":"path","required":true,"schema":{"type":"integer","title":"Service Id"}}],"responses":{"200":{"description":"Successful Response","content":{"application/json":{"schema":{}}}},"422":{"description":"Validation Error","content":{"application/json":{"schema":{"$ref":"#/components/schemas/HTTPValidationError"}}}}}}},"/admin/admin/users":{"get":{"tags":["Admin","Admin"],"summary":"Admin Get All Users","description":"Admin: Get all users.","operationId":"admin_get_all_users_admin_admin_users_get","security":[{"OAuth2PasswordBearer":[]}],"parameters":[{"name":"skip","in":"query","required":false,"schema":{"type":"integer","default":0,"title":"Skip"}},{"name":"limit","in":"query","required":false,"schema":{"type":"integer","default":100,"title":"Limit"}}],"responses":{"200":{"description":"Successful Response","content":{"application/json":{"schema":{"type":"array","items":{"$ref":"#/components/schemas/UserResponse"},"title":"Response Admin Get All Users Admin Admin Users Get"}}}},"422":{"description":"Validation Error","content":{"application/json":{"schema":{"$ref":"#/components/schemas/HTTPValidationError"}}}}}},"post":{"tags":["Admin","Admin"],"summary":"Admin Create User","description":"Admin: Create a new user.","operationId":"admin_create_user_admin_admin_users_post","security":[{"OAuth2PasswordBearer":[]}],"requestBody":{"required":true,"content":{"application/json":{"schema":{"$ref":"#/components/schemas/UserCreate"}}}},"responses":{"200":{"description":"Successful Response","content":{"application/json":{"schema":{"$ref":"#/components/schemas/UserResponse"}}}},"422":{"description":"Validation Error","content":{"application/json":{"schema":{"$ref":"#/components/schemas/HTTPValidationError"}}}}}}},"/admin/admin/users/{user_id}":{"put":{"tags":["Admin","Admin"],"summary":"Admin Update User","description":"Admin: Update a user.","operationId":"admin_update_user_admin_admin_users__user_id__put","security":[{"OAuth2PasswordBearer":[]}],"parameters":[{"name":"user_id","in":"path","required":true,"schema":{"type":"integer","title":"User Id"}}],"requestBody":{"required":true,"content":{"application/json":{"schema":{"$ref":"#/components/schemas/UserUpdate"}}}},"responses":{"200":{"description":"Successful Response","content":{"application/json":{"schema":{"$ref":"#/components/schemas/UserResponse"}}}},"422":{"description":"Validation Error","content":{"application/json":{"schema":{"$ref":"#/components/schemas/HTTPValidationError"}}}}}},"delete":{"tags":["Admin","Admin"],"summary":"Admin Delete User","description":"Admin: Delete a user.","operationId":"admin_delete_user_admin_admin_users__user_id__delete","security":[{"OAuth2PasswordBearer":[]}],"parameters":[{"name":"user_id","in":"path","required":true,"schema":{"type":"integer","title":"User Id"}}],"responses":{"200":{"description":"Successful Response","content":{"application/json":{"schema":{"type":"object","additionalProperties":{"type":"boolean"},"title":"Response Admin Delete User Admin Admin Users  User Id  Delete"}}}},"422":{"description":"Validation Error","content":{"application/json":{"schema":{"$ref":"#/components/schemas/HTTPValidationError"}}}}}}},"/admin/admin/stylists":{"get":{"tags":["Admin","Admin"],"summary":"Admin Get All Stylists","description":"Admin: Get all stylists (including inactive).","operationId":"admin_get_all_stylists_admin_admin_stylists_get","security":[{"OAuth2PasswordBearer":[]}],"parameters":[{"name":"skip","in":"query","required":false,"schema":{"type":"integer","default":0,"title":"Skip"}},{"name":"limit","in":"query","required":false,"schema":{"type":"integer","default":100,"title":"Limit"}}],"responses":{"200":{"description":"Successful Response","content":{"application/json":{"schema":{"type":"array","items":{"$ref":"#/components/schemas/StylistResponse"},"title":"Response Admin Get All Stylists Admin Admin Stylists Get"}}}},"422":{"description":"Validation Error","content":{"application/json":{"schema":{"$ref":"#/components/schemas/HTTPValidationError"}}}}}},"post":{"tags":["Admin","Admin"],"summary":"Admin Create Stylist","description":"Admin: Create a new stylist.","operationId":"admin_create_stylist_admin_admin_stylists_post","security":[{"OAuth2PasswordBearer":[]}],"requestBody":{"required":true,"content":{"application/json":{"schema":{"$ref":"#/components/schemas/StylistCreate"}}}},"responses":{"200":{"description":"Successful Response","content":{"application/json":{"schema":{"$ref":"#/components/schemas/StylistResponse"}}}},"422":{"description":"Validation Error","content":{"application/json":{"schema":{"$ref":"#/components/schemas/HTTPValidationError"}}}}}}},"/admin/admin/stylists/{stylist_id}":{"get":{"tags":["Admin","Admin"],"summary":"Admin Get Stylist","description":"Admin: Get a single stylist by ID (including inactive).","operationId":"admin_get_stylist_admin_admin_stylists__stylist_id__get","security":[{"OAuth2PasswordBearer":[]}],"parameters":[{"name":"stylist_id","in":"path","required":true,"schema":{"type":"integer","title":"Stylist Id"}}],"responses":{"200":{"description":"Successful Response","content":{"application/json":{"schema":{"$ref":"#/components/schemas/StylistResponse"}}}},"422":{"description":"Validation Error","content":{"application/json":{"schema":{"$ref":"#/components/schemas/HTTPValidationError"}}}}}},"put":{"tags":["Admin","Admin"],"summary":"Admin Update Stylist","description":"Admin: Update a stylist.","operationId":"admin_update_stylist_admin_admin_stylists__stylist_id__put","security":[{"OAuth2PasswordBearer":[]}],"parameters":[{"name":"stylist_id","in":"path","required":true,"schema":{"type":"integer","title":"Stylist Id"}}],"requestBody":{"required":true,"content":{"application/json":{"schema":{"type":"object","title":"Stylist Data"}}}},"responses":{"200":{"description":"Successful Response","content":{"application/json":{"schema":{"$ref":"#/components/schemas/StylistResponse"}}}},"422":{"description":"Validation Error","content":{"application/json":{"schema":{"$ref":"#/components/schemas/HTTPValidationError"}}}}}},"delete":{"tags":["Admin","Admin"],"summary":"Admin Delete Stylist","description":"Admin: Delete a stylist (hard delete).","operationId":"admin_delete_stylist_admin_admin_stylists__stylist_id__delete","security":[{"OAuth2PasswordBearer":[]}],"parameters":[{"name":"stylist_id","in":"path","required":true,"schema":{"type":"integer","title":"Stylist Id"}}],"responses":{"200":{"description":"Successful Response","content":{"application/json":{"schema":{"type":"object","additionalProperties":{"type":"boolean"},"title":"Response Admin Delete Stylist Admin Admin Stylists  Stylist Id  Delete"}}}},"422":{"description":"Validation Error","content":{"application/json":{"schema":{"$ref":"#/components/schemas/HTTPValidationError"}}}}}}},"/admin/admin/stylists/{stylist_id}/status":{"patch":{"tags":["Admin","Admin"],"summary":"Admin Set Stylist Active Status","description":"Admin: Activate or deactivate a stylist.","operationId":"admin_set_stylist_active_status_admin_admin_stylists__stylist_id__status_patch","security":[{"OAuth2PasswordBearer":[]}],"parameters":[{"name":"stylist_id","in":"path","required":true,"schema":{"type":"integer","title":"Stylist Id"}},{"name":"is_active","in":"query","required":true,"schema":{"type":"boolean","title":"Is Active"}}],"responses":{"200":{"description":"Successful Response","content":{"application/json":{"schema":{"$ref":"#/components/schemas/StylistResponse"}}}},"422":{"description":"Validation Error","content":{"application/json":{"schema":{"$ref":"#/components/schemas/HTTPValidationError"}}}}}}},"/admin/admin/services":{"get":{"tags":["Admin","Admin"],"summary":"Admin Get All Services","description":"Admin: Get all services (including inactive), optionally filtered by category.","operationId":"admin_get_all_services_admin_admin_services_get","security":[{"OAuth2PasswordBearer":[]}],"parameters":[{"name":"skip","in":"query","required":false,"schema":{"type":"integer","default":0,"title":"Skip"}},{"name":"limit","in":"query","required":false,"schema":{"type":"integer","default":100,"title":"Limit"}},{"name":"category_id","in":"query","required":false,"schema":{"anyOf":[{"type":"integer"},{"type":"null"}],"title":"Category Id"}}],"responses":{"200":{"description":"Successful Response","content":{"application/json":{"schema":{"type":"array","items":{"type":"object"},"title":"Response Admin Get All Services Admin Admin Services Get"}}}},"422":{"description":"Validation Error","content":{"application/json":{"schema":{"$ref":"#/components/schemas/HTTPValidationError"}}}}}},"post":{"tags":["Admin","Admin"],"summary":"Admin Create Service","description":"Admin: Create a new service.","operationId":"admin_create_service_admin_admin_services_post","security":[{"OAuth2PasswordBearer":[]}],"requestBody":{"required":true,"content":{"application/json":{"schema":{"$ref":"#/components/schemas/validation__schemas__ServiceCreate"}}}},"responses":{"200":{"description":"Successful Response","content":{"application/json":{"schema":{"type":"object","title":"Response Admin Create Service Admin Admin Services Post"}}}},"422":{"description":"Validation Error","content":{"application/json":{"schema":{"$ref":"#/components/schemas/HTTPValidationError"}}}}}}},"/admin/admin/services/{service_id}":{"get":{"tags":["Admin","Admin"],"summary":"Admin Get Service","description":"Admin: Get a single service by ID (including inactive).","operationId":"admin_get_service_admin_admin_services__service_id__get","security":[{"OAuth2PasswordBearer":[]}],"parameters":[{"name":"service_id","in":"path","required":true,"schema":{"type":"integer","title":"Service Id"}}],"responses":{"200":{"description":"Successful Response","content":{"application/json":{"schema":{"type":"object","title":"Response Admin Get Service Admin Admin Services  Service Id  Get"}}}},"422":{"description":"Validation Error","content":{"application/json":{"schema":{"$ref":"#/components/schemas/HTTPValidationError"}}}}}},"put":{"tags":["Admin","Admin"],"summary":"Admin Update Service","description":"Admin: Update a service.","operationId":"admin_update_service_admin_admin_services__service_id__put","security":[{"OAuth2PasswordBearer":[]}],"parameters":[{"name":"service_id","in":"path","required":true,"schema":{"type":"integer","title":"Service Id"}}],"requestBody":{"required":true,"content":{"application/json":{"schema":{"type":"object","title":"Service Data"}}}},"responses":{"200":{"description":"Successful Response","content":{"application/json":{"schema":{"type":"object","title":"Response Admin Update Service Admin Admin Services  Service Id  Put"}}}},"422":{"description":"Validation Error","content":{"application/json":{"schema":{"$ref":"#/components/schemas/HTTPValidationError"}}}}}},"delete":{"tags":["Admin","Admin"],"summary":"Admin Hard Delete Service","description":"Admin: Permanently delete a service.","operationId":"admin_hard_delete_service_admin_admin_services__service_id__delete","security":[{"OAuth2PasswordBearer":[]}],"parameters":[{"name":"service_id","in":"path","required":true,"schema":{"type":"integer","title":"Service Id"}}],"responses":{"200":{"description":"Successful Response","content":{"application/json":{"schema":{"type":"object","additionalProperties":{"type":"boolean"},"title":"Response Admin Hard Delete Service Admin Admin Services  Service Id  Delete"}}}},"422":{"description":"Validation Error","content":{"application/json":{"schema":{"$ref":"#/components/schemas/HTTPValidationError"}}}}}}},"/admin/admin/services/{service_id}/status":{"patch":{"tags":["Admin","Admin"],"summary":"Admin Set Service Active Status","description":"Admin: Activate or deactivate a service.","operationId":"admin_set_service_active_status_admin_admin_services__service_id__status_patch","security":[{"OAuth2PasswordBearer":[]}],"parameters":[{"name":"service_id","in":"path","required":true,"schema":{"type":"integer","title":"Service Id"}},{"name":"is_active","in":"query","required":true,"schema":{"type":"boolean","title":"Is Active"}}],"responses":{"200":{"description":"Successful Response","content":{"application/json":{"schema":{"type":"object","title":"Response Admin Set Service Active Status Admin Admin Services  Service Id  Status Patch"}}}},"422":{"description":"Validation Error","content":{"application/json":{"schema":{"$ref":"#/components/schemas/HTTPValidationError"}}}}}}},"/admin/admin/service-categories":{"get":{"tags":["Admin","Admin"],"summary":"Admin Get All Service Categories","description":"Admin: Get all service categories.","operationId":"admin_get_all_service_categories_admin_admin_service_categories_get","security":[{"OAuth2PasswordBearer":[]}],"parameters":[{"name":"skip","in":"query","required":false,"schema":{"type":"integer","default":0,"title":"Skip"}},{"name":"limit","in":"query","required":false,"schema":{"type":"integer","default":100,"title":"Limit"}}],"responses":{"200":{"description":"Successful Response","content":{"application/json":{"schema":{"type":"array","items":{"$ref":"#/components/schemas/ServiceCategoryResponse"},"title":"Response Admin Get All Service Categories Admin Admin Service Categories Get"}}}},"422":{"description":"Validation Error","content":{"application/json":{"schema":{"$ref":"#/components/schemas/HTTPValidationError"}}}}}},"post":{"tags":["Admin","Admin"],"summary":"Admin Create Service Category","description":"Admin: Create a new service category.","operationId":"admin_create_service_category_admin_admin_service_categories_post","security":[{"OAuth2PasswordBearer":[]}],"requestBody":{"required":true,"content":{"application/json":{"schema":{"$ref":"#/components/schemas/ServiceCategoryCreate"}}}},"responses":{"200":{"description":"Successful Response","content":{"application/json":{"schema":{"$ref":"#/components/schemas/ServiceCategoryResponse"}}}},"422":{"description":"Validation Error","content":{"application/json":{"schema":{"$ref":"#/components/schemas/HTTPValidationError"}}}}}}},"/admin/admin/service-categories/{category_id}":{"get":{"tags":["Admin","Admin"],"summary":"Admin Get Service Category","description":"Admin: Get a single service category by ID.","operationId":"admin_get_service_category_admin_admin_service_categories__category_id__get","security":[{"OAuth2PasswordBearer":[]}],"parameters":[{"name":"category_id","in":"path","required":true,"schema":{"type":"integer","title":"Category Id"}}],"responses":{"200":{"description":"Successful Response","content":{"application/json":{"schema":{"$ref":"#/components/schemas/ServiceCategoryResponse"}}}},"422":{"description":"Validation Error","content":{"application/json":{"schema":{"$ref":"#/components/schemas/HTTPValidationError"}}}}}},"put":{"tags":["Admin","Admin"],"summary":"Admin Update Service Category","description":"Admin: Update a service category.","operationId":"admin_update_service_category_admin_admin_service_categories__category_id__put","security":[{"OAuth2PasswordBearer":[]}],"parameters":[{"name":"category_id","in":"path","required":true,"schema":{"type":"integer","title":"Category Id"}}],"requestBody":{"required":true,"content":{"application/json":{"schema":{"type":"object","title":"Category Data"}}}},"responses":{"200":{"description":"Successful Response","content":{"application/json":{"schema":{"$ref":"#/components/schemas/ServiceCategoryResponse"}}}},"422":{"description":"Validation Error","content":{"application/json":{"schema":{"$ref":"#/components/schemas/HTTPValidationError"}}}}}},"delete":{"tags":["Admin","Admin"],"summary":"Admin Delete Service Category","description":"Admin: Delete a service category.","operationId":"admin_delete_service_category_admin_admin_service_categories__category_id__delete","security":[{"OAuth2PasswordBearer":[]}],"parameters":[{"name":"category_id","in":"path","required":true,"schema":{"type":"integer","title":"Category Id"}}],"responses":{"200":{"description":"Successful Response","content":{"application/json":{"schema":{"type":"object","additionalProperties":{"type":"boolean"},"title":"Response Admin Delete Service Category Admin Admin Service Categories  Category Id  Delete"}}}},"422":{"description":"Validation Error","content":{"application/json":{"schema":{"$ref":"#/components/schemas/HTTPValidationError"}}}}}}},"/":{"get":{"summary":"Root","operationId":"root__get","responses":{"200":{"description":"Successful Response","content":{"application/json":{"schema":{}}}}}}},"/health":{"get":{"summary":"Health Check","operationId":"health_check_health_get","responses":{"200":{"description":"Successful Response","content":{"application/json":{"schema":{}}}}}}}},"components":{"schemas":{"BookingCreate":{"properties":{"stylist_id":{"type":"integer","title":"Stylist Id"},"service_id":{"type":"integer","title":"Service Id"},"start_time":{"type":"string","format":"date-time","title":"Start Time"}},"type":"object","required":["stylist_id","service_id","start_time"],"title":"BookingCreate"},"BookingResponse":{"properties":{"stylist_id":{"type":"integer","title":"Stylist Id"},"service_id":{"type":"integer","title":"Service Id"},"start_time":{"type":"string","format":"date-time","title":"Start Time"},"id":{"type":"integer","title":"Id"},"user_id":{"type":"integer","title":"User Id"},"end_time":{"type":"string","format":"date-time","title":"End Time"},"status":{"type":"string","title":"Status"},"created_at":{"type":"string","format":"date-time","title":"Created At"}},"type":"object","required":["stylist_id","service_id","start_time","id","user_id","end_time","status","created_at"],"title":"BookingResponse"},"HTTPValidationError":{"properties":{"detail":{"items":{"$ref":"#/components/schemas/ValidationError"},"type":"array","title":"Detail"}},"type":"object","title":"HTTPValidationError"},"LoginRequest":{"properties":{"email":{"type":"string","title":"Email"},"password":{"type":"string","title":"Password"}},"type":"object","required":["email","password"],"title":"LoginRequest"},"NotificationCreate":{"properties":{"message":{"type":"string","title":"Message"},"method":{"type":"string","title":"Method"}},"type":"object","required":["message","method"],"title":"NotificationCreate"},"NotificationResponse":{"properties":{"message":{"type":"string","title":"Message"},"method":{"type":"string","title":"Method"},"id":{"type":"integer","title":"Id"},"user_id":{"type":"integer","title":"User Id"},"sent_at":{"type":"string","format":"date-time","title":"Sent At"},"status":{"type":"string","title":"Status"}},"type":"object","required":["message","method","id","user_id","sent_at","status"],"title":"NotificationResponse"},"ServiceCategoryCreate":{"properties":{"name":{"type":"string","title":"Name"},"description":{"anyOf":[{"type":"string"},{"type":"null"}],"title":"Description"}},"type":"object","required":["name"],"title":"ServiceCategoryCreate"},"ServiceCategoryResponse":{"properties":{"name":{"type":"string","title":"Name"},"description":{"anyOf":[{"type":"string"},{"type":"null"}],"title":"Description"},"id":{"type":"integer","title":"Id"}},"type":"object","required":["name","id"],"title":"ServiceCategoryResponse"},"ServiceResponse":{"properties":{"name":{"type":"string","maxLength":100,"minLength":1,"title":"Name"},"description":{"anyOf":[{"type":"string"},{"type":"null"}],"title":"Description"},"duration":{"type":"integer","exclusiveMinimum":0.0,"title":"Duration"},"price":{"type":"number","exclusiveMinimum":0.0,"title":"Price"},"id":{"type":"integer","title":"Id"},"created_at":{"type":"string","format":"date-time","title":"Created At"},"updated_at":{"type":"string","format":"date-time","title":"Updated At"}},"type":"object","required":["name","duration","price","id","created_at","updated_at"],"title":"ServiceResponse"},"ServiceUpdate":{"properties":{"name":{"anyOf":[{"type":"string","maxLength":100,"minLength":1},{"type":"null"}],"title":"Name"},"description":{"anyOf":[{"type":"string"},{"type":"null"}],"title":"Description"},"duration":{"anyOf":[{"type":"integer","exclusiveMinimum":0.0},{"type":"null"}],"title":"Duration"},"price":{"anyOf":[{"type":"number","exclusiveMinimum":0.0},{"type":"null"}],"title":"Price"}},"type":"object","title":"ServiceUpdate"},"StylistCreate":{"properties":{"name":{"type":"string","maxLength":50,"minLength":2,"title":"Name"},"specialization":{"type":"string","title":"Specialization"},"bio":{"anyOf":[{"type":"string"},{"type":"null"}],"title":"Bio"}},"type":"object","required":["name","specialization"],"title":"StylistCreate"},"StylistResponse":{"properties":{"name":{"type":"string","maxLength":50,"minLength":2,"title":"Name"},"specialization":{"type":"string","title":"Specialization"},"bio":{"anyOf":[{"type":"string"},{"type":"null"}],"title":"Bio"},"id":{"type":"integer","title":"Id"},"is_active":{"type":"boolean","title":"Is Active"},"avatar_url":{"anyOf":[{"type":"string"},{"type":"null"}],"title":"Avatar Url"}},"type":"object","required":["name","specialization","id","is_active"],"title":"StylistResponse"},"Token":{"properties":{"access_token":{"type":"string","title":"Access Token"},"refresh_token":{"type":"string","title":"Refresh Token"},"token_type":{"type":"string","title":"Token Type"}},"type":"object","required":["access_token","refresh_token","token_type"],"title":"Token"},"UserCreate":{"properties":{"email":{"type":"string","format":"email","title":"Email"},"name":{"type":"string","maxLength":50,"minLength":2,"title":"Name"},"password":{"type":"string","minLength":8,"title":"Password"}},"type":"object","required":["email","name","password"],"title":"UserCreate"},"UserResponse":{"properties":{"email":{"type":"string","format":"email","title":"Email"},"name":{"type":"string","maxLength":50,"minLength":2,"title":"Name"},"id":{"type":"integer","title":"Id"},"vip_level":{"type":"integer","title":"Vip Level"},"loyalty_points":{"type":"integer","title":"Loyalty Points"}},"type":"object","required":["email","name","id","vip_level","loyalty_points"],"title":"UserResponse"},"UserUpdate":{"properties":{"name":{"anyOf":[{"type":"string","maxLength":50,"minLength":2},{"type":"null"}],"title":"Name"},"email":{"anyOf":[{"type":"string","format":"email"},{"type":"null"}],"title":"Email"}},"type":"object","title":"UserUpdate"},"ValidationError":{"properties":{"loc":{"items":{"anyOf":[{"type":"string"},{"type":"integer"}]},"type":"array","title":"Location"},"msg":{"type":"string","title":"Message"},"type":{"type":"string","title":"Error Type"}},"type":"object","required":["loc","msg","type"],"title":"ValidationError"},"services__schemas__ServiceCreate":{"properties":{"name":{"type":"string","maxLength":100,"minLength":1,"title":"Name"},"description":{"anyOf":[{"type":"string"},{"type":"null"}],"title":"Description"},"duration":{"type":"integer","exclusiveMinimum":0.0,"title":"Duration"},"price":{"type":"number","exclusiveMinimum":0.0,"title":"Price"}},"type":"object","required":["name","duration","price"],"title":"ServiceCreate"},"validation__schemas__ServiceCreate":{"properties":{"name":{"type":"string","title":"Name"},"description":{"anyOf":[{"type":"string"},{"type":"null"}],"title":"Description"},"price":{"type":"number","title":"Price"},"duration":{"type":"integer","title":"Duration"},"category_id":{"type":"integer","title":"Category Id"},"is_active":{"anyOf":[{"type":"boolean"},{"type":"null"}],"title":"Is Active","default":true}},"type":"object","required":["name","price","duration","category_id"],"title":"ServiceCreate"}},"securitySchemes":{"OAuth2PasswordBearer":{"type":"oauth2","flows":{"password":{"scopes":{},"tokenUrl":"/api/v1/auth/login"}}}}}}